{"iter": 5000, "train/loss": 0.6336109638214111, "val/loss": 1.6976062059402466, "lr": 0.0001, "mfu": 216.38221827495815, "_timestamp": 1714900683.9549525, "_runtime": 913.2382614612579, "_step": 20, "_wandb": {"runtime": 908}}